Id,Label,betweennesscentrality2,bridgingcoefficient,bridgingcentrality,Degree,Weighted Degree,Eccentricity,closnesscentrality,harmonicclosnesscentrality,betweenesscentrality,Cluster,KatzCentrality,eigencentrality,Authority,Hub
Niklas Deckers,Niklas Deckers,0.000486,0.072911,0.000035,6,6,10,0.226528,0.317202,0.000486,0,0,0.157191,0,0
Maik Fröbe,Maik Fröbe,0.003376,0.005891,0.00002,18,40,9,0.267606,0.403809,0.003376,0,0,0.328367,0,0
Johannes Kiesel,Johannes Kiesel,0.001744,0.010449,0.000018,13,22,10,0.234568,0.352947,0.001744,0,0,0.202889,0,0
Gianluca Pandolfo,Gianluca Pandolfo,0,6,0,1,1,11,0.184915,0.229906,0,0,0,0.02013,0,0
Christopher Schröder,Christopher Schröder,0,6,0,1,1,11,0.184915,0.229906,0,0,0,0.02013,0,0
Benno Stein,Benno Stein,0.002466,0.050346,0.000124,11,26,9,0.2662,0.38791,0.002466,0,0,0.291177,0,0
Martin Potthast,Martin Potthast,0.005671,0.01203,0.000068,15,35,9,0.276867,0.415416,0.005671,0,0,0.345065,0,0
Marcel Gohsen,Marcel Gohsen,0.000461,0.115323,0.000053,4,5,10,0.214689,0.285889,0.000461,0,0,0.069165,0,0
Mariam Korashi,Mariam Korashi,0,4,0,1,1,11,0.17695,0.21438,0,0,0,0.009993,0,0
Jan Ehlers,Jan Ehlers,0,4,0,1,1,11,0.17695,0.21438,0,0,0,0.009993,0,0
Volker Bernhard,Volker Bernhard,0,13,0,1,1,11,0.190238,0.244317,0,0,0,0.02733,0,0
Josef Roth,Josef Roth,0,13,0,1,1,11,0.190238,0.244317,0,0,0,0.02733,0,0
Alexander Bondarenko,Alexander Bondarenko,0.0048,0.002962,0.000014,24,77,10,0.245161,0.402619,0.0048,0,0,0.348606,0,0
Ekaterina Shirshakova,Ekaterina Shirshakova,0,24,0,1,2,11,0.197147,0.263615,0,0,0,0.045855,0,0
Matthias Hagen,Matthias Hagen,0.000835,0.221461,0.000185,5,20,10,0.233846,0.333759,0.000835,0,0,0.178053,0,0
Kevin Lang,Kevin Lang,0,13,0,1,1,11,0.190238,0.244317,0,0,0,0.02733,0,0
Henning Wachsmuth,Henning Wachsmuth,0.000564,0.342606,0.000193,2,6,11,0.209078,0.302149,0.000564,0,0,0.089823,0,0
Eva Hornecker,Eva Hornecker,0,13,0,1,1,11,0.190238,0.244317,0,0,0,0.02733,0,0
Lukas Gienapp,Lukas Gienapp,0.000005,0.479274,0.000002,5,11,10,0.232416,0.326083,0.000005,0,0,0.191049,0,0
Florian Kneist,Florian Kneist,0,13,0,1,2,11,0.190238,0.244317,0,0,0,0.02733,0,0
Lars Meyer,Lars Meyer,0,13,0,1,2,11,0.190238,0.244317,0,0,0,0.02733,0,0
Kristof Komlossy,Kristof Komlossy,0.000004,1.529412,0.000006,2,2,11,0.192405,0.251992,0.000004,0,0,0.041392,0,0
Marina Driker,Marina Driker,0,24,0,1,1,11,0.197147,0.263615,0,0,0,0.045855,0,0
Pavel Braslavski,Pavel Braslavski,0.000002,0.470588,0.000001,3,3,11,0.197917,0.27129,0.000002,0,0,0.066661,0,0
Sebastian Günther,Sebastian Günther,0.000517,1.277567,0.000661,2,2,10,0.224189,0.301851,0.000517,0,0,0.094664,0,0
Janek Bevendorff,Janek Bevendorff,0.010915,0.001475,0.000016,28,92,8,0.280443,0.420027,0.010915,0,0,0.288719,0,0
Jan Heinrich Reimer,Jan Heinrich Reimer,0,5.142857,0,2,3,10,0.221574,0.29806,0,0,0,0.088025,0,0
Michael Völske,Michael Völske,0,2.086957,0,3,3,10,0.228571,0.313474,0,0,0,0.131873,0,0
Markus Fischer,Markus Fischer,0.000092,0.30485,0.000028,4,4,10,0.221574,0.294176,0.000092,0,0,0.109355,0,0
Jan Philipp Bittner,Jan Philipp Bittner,0,16,0,1,1,10,0.217143,0.276083,0,0,0,0.043848,0,0
Christian Kahmann,Christian Kahmann,0,16,0,1,1,10,0.217143,0.276083,0,0,0,0.043848,0,0
Andreas Niekler,Andreas Niekler,0,16,0,1,1,10,0.217143,0.276083,0,0,0,0.043848,0,0
Florian Schneider,Florian Schneider,0,3,0,1,1,12,0.167033,0.209108,0,0,0,0.008182,0,0
Chris Biemann,Chris Biemann,0.00135,0.258065,0.000348,2,6,11,0.200264,0.278198,0.00135,0,0,0.052537,0,0
Yamen Ajjour,Yamen Ajjour,0.000032,0.715447,0.000023,3,6,10,0.22093,0.296416,0.000032,0,0,0.092023,0,0
Meriem Beloucif,Meriem Beloucif,0,24,0,1,5,11,0.197147,0.263615,0,0,0,0.045855,0,0
Alexander Panchenko,Alexander Panchenko,0,24,0,1,5,11,0.197147,0.263615,0,0,0,0.045855,0,0
Bilal Ghanem,Bilal Ghanem,0,28,0,1,1,9,0.219336,0.272669,0,0,0,0.041118,0,0
Anastasia Giachanou,Anastasia Giachanou,0,28,0,1,1,9,0.219336,0.272669,0,0,0,0.041118,0,0
Mike Kestemont,Mike Kestemont,0,28,0,1,5,9,0.219336,0.272669,0,0,0,0.041118,0,0
Enrique Manjavacas,Enrique Manjavacas,0,28,0,1,3,9,0.219336,0.272669,0,0,0,0.041118,0,0
Ilia Markov,Ilia Markov,0,28,0,1,3,9,0.219336,0.272669,0,0,0,0.041118,0,0
Maximilian Mayerl,Maximilian Mayerl,0,28,0,1,6,9,0.219336,0.272669,0,0,0,0.041118,0,0
Francisco Rangel,Francisco Rangel,0,28,0,1,6,9,0.219336,0.272669,0,0,0,0.041118,0,0
Paolo Rosso,Paolo Rosso,0.007561,0.933333,0.007057,1,6,8,0.253756,0.297118,0.007561,0,0,0.044335,0,0
Günther Specht,Günther Specht,0,28,0,1,1,9,0.219336,0.272669,0,0,0,0.041118,0,0
Efstathios Stamatatos,Efstathios Stamatatos,0,28,0,1,6,9,0.219336,0.272669,0,0,0,0.041118,0,0
Matti Wiegmann,Matti Wiegmann,0,5.478261,0,2,7,9,0.23493,0.304952,0,0,0,0.083287,0,0
Eva Zangerle,Eva Zangerle,0,28,0,1,6,9,0.219336,0.272669,0,0,0,0.041118,0,0
Berta Chulvi,Berta Chulvi,0,28,0,1,3,9,0.219336,0.272669,0,0,0,0.041118,0,0
Gretel Liz De La Peña Sarracén,Gretel Liz De La Peña Sarracén,0,28,0,1,2,9,0.219336,0.272669,0,0,0,0.041118,0,0
Magdalena Wolska,Magdalena Wolska,0,28,0,1,5,9,0.219336,0.272669,0,0,0,0.041118,0,0
Shahbaz Syed,Shahbaz Syed,0,24,0,1,2,11,0.197147,0.263615,0,0,0,0.045855,0,0
Timon Gurcke,Timon Gurcke,0,24,0,1,2,11,0.197147,0.263615,0,0,0,0.045855,0,0
Christopher Akiki,Christopher Akiki,0,18,0,1,1,10,0.211405,0.268894,0,0,0,0.04217,0,0
Elisabetta Fersini,Elisabetta Fersini,0,28,0,1,2,9,0.219336,0.272669,0,0,0,0.041118,0,0
Annina Heini,Annina Heini,0,28,0,1,3,9,0.219336,0.272669,0,0,0,0.041118,0,0
Krzysztof Kredens,Krzysztof Kredens,0,28,0,1,3,9,0.219336,0.272669,0,0,0,0.041118,0,0
Reynier Ortega-Bueno,Reynier Ortega-Bueno,0,28,0,1,1,9,0.219336,0.272669,0,0,0,0.041118,0,0
Piotr Pęzik,Piotr Pęzik,0,28,0,1,3,9,0.219336,0.272669,0,0,0,0.041118,0,0
BERTa Chulvi,BERTa Chulvi,0,28,0,1,1,9,0.219336,0.272669,0,0,0,0.041118,0,0
Reyner Ortega-Bueno,Reyner Ortega-Bueno,0,28,0,1,1,9,0.219336,0.272669,0,0,0,0.041118,0,0
Nicola Lea Libera,Nicola Lea Libera,0,18,0,1,1,10,0.211405,0.268894,0,0,0,0.04217,0,0
Maximilian Probst,Maximilian Probst,0,18,0,1,1,10,0.211405,0.268894,0,0,0,0.04217,0,0
Nikolay Kolyada,Nikolay Kolyada,0,18,0,1,1,10,0.211405,0.268894,0,0,0,0.04217,0,0
Bastian Grahm,Bastian Grahm,0,18,0,1,1,10,0.211405,0.268894,0,0,0,0.04217,0,0
Theresa Elstner,Theresa Elstner,0,18,0,1,1,10,0.211405,0.268894,0,0,0,0.04217,0,0
Frank Loebe,Frank Loebe,0,18,0,1,1,10,0.211405,0.268894,0,0,0,0.04217,0,0
Ferdinand Schlatt,Ferdinand Schlatt,0,24,0,1,1,11,0.197147,0.263615,0,0,0,0.045855,0,0
Valentin Barriere,Valentin Barriere,0,24,0,1,1,11,0.197147,0.263615,0,0,0,0.045855,0,0
Brian Ravenet,Brian Ravenet,0,24,0,1,1,11,0.197147,0.263615,0,0,0,0.045855,0,0
Léo Hemamou,Léo Hemamou,0,24,0,1,1,11,0.197147,0.263615,0,0,0,0.045855,0,0
Simon Luck,Simon Luck,0,24,0,1,1,11,0.197147,0.263615,0,0,0,0.045855,0,0
Alexander Pugachev,Alexander Pugachev,0.000231,0.242424,0.000056,3,3,11,0.197917,0.27129,0.000231,0,0,0.057811,0,0
Ekaterina Artemova,Ekaterina Artemova,0,3,0,1,1,12,0.165397,0.20538,0,0,0,0.008615,0,0
Tim Gollub,Tim Gollub,0.000231,0.288998,0.000067,3,3,10,0.219336,0.287048,0.000231,0,0,0.083125,0,0
Jason Brockmeyer,Jason Brockmeyer,0,3,0,1,1,11,0.180095,0.216419,0,0,0,0.01101,0,0
Mara Chinea-Ríos,Mara Chinea-Ríos,0,28,0,1,1,9,0.219336,0.272669,0,0,0,0.041118,0,0
Marc Franco-Salvador,Marc Franco-Salvador,0,28,0,1,1,9,0.219336,0.272669,0,0,0,0.041118,0,0
Erik Körner,Erik Körner,0,28,0,1,1,9,0.219336,0.272669,0,0,0,0.041118,0,0
Jon Chamberlain,Jon Chamberlain,0.002035,0.540653,0.0011,2,4,5,0.45,0.489918,0.002035,1,0,0.191566,0.117576,0.117576
Bogdan Ionescu,Bogdan Ionescu,0.004013,0.000358,0.000001,59,115,6,0.558621,0.804733,0.004013,1,0,1,0.633818,0.633818
Henning Müller,Henning Müller,0,8.012346,0,2,5,7,0.361607,0.435126,0,1,0,0.177713,0.114186,0.114186
Renaud Péteri,Renaud Péteri,0,8.012346,0,2,4,7,0.361607,0.435126,0,1,0,0.177713,0.114186,0.114186
Asma Ben Abacha,Asma Ben Abacha,0,8.012346,0,2,5,7,0.361607,0.435126,0,1,0,0.177713,0.114186,0.114186
Mourad Sarrouti,Mourad Sarrouti,0,59,0,1,2,7,0.36,0.428954,0,1,0,0.116225,0.073439,0.073439
Dina Demner-Fushman,Dina Demner-Fushman,0,59,0,1,2,7,0.36,0.428954,0,1,0,0.116225,0.073439,0.073439
Sadid A. Hasan,Sadid A. Hasan,0,59,0,1,2,7,0.36,0.428954,0,1,0,0.116225,0.073439,0.073439
Serge Kozlovski,Serge Kozlovski,0,8.012346,0,2,5,7,0.361607,0.435126,0,1,0,0.177713,0.114186,0.114186
Vitali Liauchuk,Vitali Liauchuk,0,59,0,1,2,7,0.36,0.428954,0,1,0,0.116225,0.073439,0.073439
Yashin Dicente Cid,Yashin Dicente Cid,0,8.012346,0,2,4,7,0.361607,0.435126,0,1,0,0.177713,0.114186,0.114186
Vassili Kovalev,Vassili Kovalev,0,8.012346,0,2,5,7,0.361607,0.435126,0,1,0,0.177713,0.114186,0.114186
Obioma Pelka,Obioma Pelka,0,59,0,1,2,7,0.36,0.428954,0,1,0,0.116225,0.073439,0.073439
Alba García Seco de Herrera,Alba García Seco de Herrera,0,59,0,1,2,7,0.36,0.428954,0,1,0,0.116225,0.073439,0.073439
Janadhip Jacutprakart,Janadhip Jacutprakart,0,59,0,1,2,7,0.36,0.428954,0,1,0,0.116225,0.073439,0.073439
Christoph M. Friedrich,Christoph M. Friedrich,0,8.012346,0,2,5,7,0.361607,0.435126,0,1,0,0.177713,0.114186,0.114186
Raul Berari,Raul Berari,0,59,0,1,2,7,0.36,0.428954,0,1,0,0.116225,0.073439,0.073439
Andrei Tauteanu,Andrei Tauteanu,0,59,0,1,2,7,0.36,0.428954,0,1,0,0.116225,0.073439,0.073439
Dimitri Fichou,Dimitri Fichou,0,59,0,1,2,7,0.36,0.428954,0,1,0,0.116225,0.073439,0.073439
Paul Brie,Paul Brie,0,59,0,1,2,7,0.36,0.428954,0,1,0,0.116225,0.073439,0.073439
Mihai Dogariu,Mihai Dogariu,0,8.012346,0,2,5,7,0.361607,0.435126,0,1,0,0.177713,0.114186,0.114186
Liviu Daniel Ştefan,Liviu Daniel Ştefan,0,59,0,1,1,7,0.36,0.428954,0,1,0,0.116225,0.073439,0.073439
Mihai Gabriel Constantin,Mihai Gabriel Constantin,0,8.012346,0,2,5,7,0.361607,0.435126,0,1,0,0.177713,0.114186,0.114186
Antonio Campello,Antonio Campello,0,8.012346,0,2,4,7,0.361607,0.435126,0,1,0,0.177713,0.114186,0.114186
Adrian Clark,Adrian Clark,0,8.012346,0,2,4,7,0.361607,0.435126,0,1,0,0.177713,0.114186,0.114186
Thomas A. Oliver,Thomas A. Oliver,0,59,0,1,1,7,0.36,0.428954,0,1,0,0.116225,0.073439,0.073439
Hassan Moustahfid,Hassan Moustahfid,0,59,0,1,2,7,0.36,0.428954,0,1,0,0.116225,0.073439,0.073439
Adrian Popescu,Adrian Popescu,0,8.012346,0,2,5,7,0.361607,0.435126,0,1,0,0.177713,0.114186,0.114186
Jérôme Deshayes-Chossart,Jérôme Deshayes-Chossart,0,59,0,1,2,7,0.36,0.428954,0,1,0,0.116225,0.073439,0.073439
Johannes Rückert,Johannes Rückert,0,8.012346,0,2,3,7,0.361607,0.435126,0,1,0,0.177713,0.114186,0.114186
Alba G. Seco de Herrera,Alba G. Seco de Herrera,0.000498,0.004427,0.000002,22,24,6,0.445055,0.576337,0.000498,1,0,0.544803,0.351671,0.351671
Louise Bloch,Louise Bloch,0,8.012346,0,2,3,7,0.361607,0.435126,0,1,0,0.177713,0.114186,0.114186
Raphael Brüngel,Raphael Brüngel,0,8.012346,0,2,3,7,0.361607,0.435126,0,1,0,0.177713,0.114186,0.114186
Ahmad Idrissi-Yaghir,Ahmad Idrissi-Yaghir,0,8.012346,0,2,3,7,0.361607,0.435126,0,1,0,0.177713,0.114186,0.114186
Henning Schäfer,Henning Schäfer,0,8.012346,0,2,3,7,0.361607,0.435126,0,1,0,0.177713,0.114186,0.114186
Liviu-Daniel Ştefan,Liviu-Daniel Ştefan,0,8.012346,0,2,3,7,0.361607,0.435126,0,1,0,0.177713,0.114186,0.114186
Hugo Schindler,Hugo Schindler,0,8.012346,0,2,2,7,0.361607,0.435126,0,1,0,0.177713,0.114186,0.114186
Thomas Oliver,Thomas Oliver,0,59,0,1,1,7,0.36,0.428954,0,1,0,0.116225,0.073439,0.073439
Abigail Schulz,Abigail Schulz,0,59,0,1,1,7,0.36,0.428954,0,1,0,0.116225,0.073439,0.073439
Liviu Daniel Stefan,Liviu Daniel Stefan,0,59,0,1,1,7,0.36,0.428954,0,1,0,0.116225,0.073439,0.073439
Jérôme Deshayes,Jérôme Deshayes,0,8.012346,0,2,3,7,0.361607,0.435126,0,1,0,0.177713,0.114186,0.114186
Ana Maria Drăgulinescu,Ana Maria Drăgulinescu,0,59,0,1,1,7,0.36,0.428954,0,1,0,0.116225,0.073439,0.073439
Alexandra Andrei,Alexandra Andrei,0,59,0,1,1,7,0.36,0.428954,0,1,0,0.116225,0.073439,0.073439
Alexandru Stan,Alexandru Stan,0,59,0,1,1,7,0.36,0.428954,0,1,0,0.116225,0.073439,0.073439
Andrea M. Storås,Andrea M. Storås,0,59,0,1,1,7,0.36,0.428954,0,1,0,0.116225,0.073439,0.073439
George Ioannidis,George Ioannidis,0,59,0,1,1,7,0.36,0.428954,0,1,0,0.116225,0.073439,0.073439
Griffin Adams,Griffin Adams,0,59,0,1,1,7,0.36,0.428954,0,1,0,0.116225,0.073439,0.073439
Hugo Manguinhas,Hugo Manguinhas,0,59,0,1,1,7,0.36,0.428954,0,1,0,0.116225,0.073439,0.073439
Ihar Filipovich,Ihar Filipovich,0,59,0,1,1,7,0.36,0.428954,0,1,0,0.116225,0.073439,0.073439
Ioan Coman,Ioan Coman,0,59,0,1,1,7,0.36,0.428954,0,1,0,0.116225,0.073439,0.073439
Johanna Schöler,Johanna Schöler,0,59,0,1,1,7,0.36,0.428954,0,1,0,0.116225,0.073439,0.073439
Meliha Yetisgen,Meliha Yetisgen,0,59,0,1,1,7,0.36,0.428954,0,1,0,0.116225,0.073439,0.073439
Michael A. Riegler,Michael A. Riegler,0,59,0,1,1,7,0.36,0.428954,0,1,0,0.116225,0.073439,0.073439
Neal Snider,Neal Snider,0,59,0,1,1,7,0.36,0.428954,0,1,0,0.116225,0.073439,0.073439
Nikolaos Papachrysos,Nikolaos Papachrysos,0,59,0,1,1,7,0.36,0.428954,0,1,0,0.116225,0.073439,0.073439
Pål Halvorsen,Pål Halvorsen,0,59,0,1,1,7,0.36,0.428954,0,1,0,0.116225,0.073439,0.073439
Steven Hicks,Steven Hicks,0,59,0,1,1,7,0.36,0.428954,0,1,0,0.116225,0.073439,0.073439
Thomas de Lange,Thomas de Lange,0,59,0,1,1,7,0.36,0.428954,0,1,0,0.116225,0.073439,0.073439
Vajira Thambawita,Vajira Thambawita,0,59,0,1,1,7,0.36,0.428954,0,1,0,0.116225,0.073439,0.073439
Wen-Wai Yim,Wen-Wai Yim,0,59,0,1,1,7,0.36,0.428954,0,1,0,0.116225,0.073439,0.073439
Preslav Nakov,Preslav Nakov,0.007077,0.001581,0.000011,27,68,12,0.175115,0.332699,0.007077,2,0,0.190849,0,0
Angelo Basile,Angelo Basile,0,3,0,1,1,14,0.130809,0.173657,0,2,0,0.008788,0,0
Tommaso Caselli,Tommaso Caselli,0.000231,0.297872,0.000069,3,4,13,0.150346,0.228702,0.000231,2,0,0.051566,0,0
Giovanni Da San Martino,Giovanni Da San Martino,0,4.2,0,2,4,13,0.150049,0.224316,0,2,0,0.049053,0,0
Tamer Elsayed,Tamer Elsayed,0,4.2,0,2,3,13,0.150049,0.224316,0,2,0,0.049053,0,0
Alberto Barrón-Cedeño,Alberto Barrón-Cedeño,0.001157,0.01059,0.000012,12,16,13,0.151697,0.258308,0.001157,2,0,0.09991,0,0
Rubén Míguez,Rubén Míguez,0,28,0,1,4,13,0.149166,0.215544,0,2,0,0.032071,0,0
Shaden Shaar,Shaden Shaar,0,28,0,1,4,13,0.149166,0.215544,0,2,0,0.032071,0,0
Firoj Alam,Firoj Alam,0,4.2,0,2,5,13,0.150049,0.224316,0,2,0,0.049053,0,0
Fatima Haouari,Fatima Haouari,0,4.2,0,2,3,13,0.150049,0.224316,0,2,0,0.049053,0,0
Maram Hasanain,Maram Hasanain,0,28,0,1,2,13,0.149166,0.215544,0,2,0,0.032071,0,0
Watheq Mansour,Watheq Mansour,0,28,0,1,1,13,0.149166,0.215544,0,2,0,0.032071,0,0
Bayan Hamdan,Bayan Hamdan,0,28,0,1,1,13,0.149166,0.215544,0,2,0,0.032071,0,0
Zien Sheikh Ali,Zien Sheikh Ali,0,28,0,1,1,13,0.149166,0.215544,0,2,0,0.032071,0,0
Nikolay Babulkov,Nikolay Babulkov,0,28,0,1,4,13,0.149166,0.215544,0,2,0,0.032071,0,0
Alex Nikolov,Alex Nikolov,0,28,0,1,4,13,0.149166,0.215544,0,2,0,0.032071,0,0
Gautam Kishore Shahi,Gautam Kishore Shahi,0,28,0,1,4,13,0.149166,0.215544,0,2,0,0.032071,0,0
Julia Maria Struß,Julia Maria Struß,0,4.2,0,2,5,13,0.150049,0.224316,0,2,0,0.049053,0,0
Thomas Mandl,Thomas Mandl,0.00046,0.933333,0.000429,2,5,13,0.149754,0.221575,0.00046,2,0,0.034865,0,0
Mucahid Kutlu,Mucahid Kutlu,0,28,0,1,3,13,0.149166,0.215544,0,2,0,0.032071,0,0
Yavuz Selim Kartal,Yavuz Selim Kartal,0,28,0,1,3,13,0.149166,0.215544,0,2,0,0.032071,0,0
Linda Achilles,Linda Achilles,0.000231,0.333333,0.000077,2,2,14,0.130584,0.175083,0.000231,2,0,0.008234,0,0
Christa Womser-Hacker,Christa Womser-Hacker,0,2,0,1,1,15,0.115589,0.143819,0,2,0,0.002793,0,0
Giovanni da San Martino,Giovanni da San Martino,0,28,0,1,1,13,0.149166,0.215544,0,2,0,0.032071,0,0
Wajdi Zaghouani,Wajdi Zaghouani,0,28,0,1,2,13,0.149166,0.215544,0,2,0,0.032071,0,0
Chengkai Li,Chengkai Li,0,28,0,1,2,13,0.149166,0.215544,0,2,0,0.032071,0,0
Hamdy Mubarak,Hamdy Mubarak,0,28,0,1,2,13,0.149166,0.215544,0,2,0,0.032071,0,0
Michael Wiegand,Michael Wiegand,0,28,0,1,1,13,0.149166,0.215544,0,2,0,0.032071,0,0
Melanie Siegel,Melanie Siegel,0,28,0,1,1,13,0.149166,0.215544,0,2,0,0.032071,0,0
Juliane Köhler,Juliane Köhler,0,28,0,1,1,13,0.149166,0.215544,0,2,0,0.032071,0,0
Javier Beltrán,Javier Beltrán,0,28,0,1,1,13,0.149166,0.215544,0,2,0,0.032071,0,0
Andrea Galassi,Andrea Galassi,0,12,0,1,1,14,0.13183,0.183525,0,2,0,0.016982,0,0
Federico Ruggeri,Federico Ruggeri,0,12,0,1,1,14,0.13183,0.183525,0,2,0,0.016982,0,0
Rabindra Nath Nandi,Rabindra Nath Nandi,0,12,0,1,1,14,0.13183,0.183525,0,2,0,0.016982,0,0
Gullal S. Cheema,Gullal S. Cheema,0,12,0,1,1,14,0.13183,0.183525,0,2,0,0.016982,0,0
Dilshod Azizov,Dilshod Azizov,0,12,0,1,1,14,0.13183,0.183525,0,2,0,0.016982,0,0
Gerhard Weikum,Gerhard Weikum,0.00333,0.031215,0.000104,9,12,11,0.203791,0.326612,0.00333,3,0,0.043984,0,0
Simon Razniewski,Simon Razniewski,0.00029,0.047945,0.000014,6,6,13,0.154122,0.248659,0.00029,3,0,0.025124,0,0
Priyanka Das,Priyanka Das,0,6,0,1,1,14,0.133748,0.183896,0,3,0,0.006411,0,0
Julien Romero,Julien Romero,0,6,0,1,1,14,0.133748,0.183896,0,3,0,0.006411,0,0
Dhruv Gupta,Dhruv Gupta,0,2,0,1,1,14,0.1317,0.170718,0,3,0,0.003115,0,0
Klaus Berberich,Klaus Berberich,0.00013,0.4375,0.000057,2,2,13,0.151408,0.214745,0.00013,3,0,0.009383,0,0
Zhen Jia,Zhen Jia,0.000689,0.428571,0.000295,3,3,10,0.205742,0.273265,0.000689,3,0,0.020004,0,0
Soumajit Pramanik,Soumajit Pramanik,0.000001,0.857143,0,2,2,11,0.172,0.217697,0.000001,3,0,0.01055,0,0
Rishiraj Saha Roy,Rishiraj Saha Roy,0.002842,0.074074,0.000211,5,6,9,0.209246,0.285179,0.002842,3,0,0.029477,0,0
Hiba Arnaout,Hiba Arnaout,0.000212,0.26087,0.000055,3,3,12,0.172345,0.249802,0.000212,3,0,0.018331,0,0
Jeff Z. Pan,Jeff Z. Pan,0,3,0,1,1,13,0.14726,0.191295,0,3,0,0.004675,0,0
Azin Ghazimatin,Azin Ghazimatin,0.000749,0.195652,0.000147,4,4,10,0.206235,0.279079,0.000749,3,0,0.023535,0,0
Vinh Thinh Ho,Vinh Thinh Ho,0.001074,0.033395,0.000036,7,8,12,0.17732,0.288175,0.001074,3,0,0.030207,0,0
Koninika Pal,Koninika Pal,0,7,0,1,1,13,0.150877,0.206993,0,3,0,0.007485,0,0
Tuan-Phong Nguyen,Tuan-Phong Nguyen,0.000082,1.8,0.000147,2,2,12,0.171657,0.24205,0.000082,3,0,0.016229,0,0
Daria Stepanova,Daria Stepanova,0,7,0,1,1,13,0.150877,0.206993,0,3,0,0.007485,0,0
Dragan Milchevski,Dragan Milchevski,0,7,0,1,1,13,0.150877,0.206993,0,3,0,0.007485,0,0
Jannik Strötgen,Jannik Strötgen,0.000257,0.777778,0.0002,2,2,13,0.151943,0.217652,0.000257,3,0,0.009954,0,0
Magdalena Kaiser,Magdalena Kaiser,0.000626,1.8,0.001127,2,4,10,0.204762,0.265513,0.000626,3,0,0.0168,0,0
Khanh Hiep Tran,Khanh Hiep Tran,0,1.2,0,2,2,10,0.188596,0.237994,0,3,0,0.012646,0,0
Shrestha Ghosh,Shrestha Ghosh,0.000082,1.8,0.000147,2,2,12,0.171657,0.24205,0.000082,3,0,0.016229,0,0
Philipp Christmann,Philipp Christmann,0.000626,1.8,0.001127,2,2,10,0.204762,0.265513,0.000626,3,0,0.0168,0,0
Subhash Chandra Pujari,Subhash Chandra Pujari,0.00013,0.333333,0.000043,2,2,14,0.132512,0.18002,0.00013,3,0,0.005042,0,0
Annemarie Friedrich,Annemarie Friedrich,0,2,0,1,1,15,0.117166,0.148661,0,3,0,0.00247,0,0
Yikun Xian,Yikun Xian,0.000168,0.01581,0.000003,10,12,3,0.534884,0.666667,0.000168,4,0,0.052919,0,0
Zuohui Fu,Zuohui Fu,0.000133,0.03125,0.000004,8,13,3,0.547619,0.644928,0.000133,4,0,0.048965,0,0
Handong Zhao,Handong Zhao,0,10,0,1,1,4,0.353846,0.402174,0,4,0,0.011104,0,0
Yingqiang Ge,Yingqiang Ge,0,1.875,0,2,2,4,0.365079,0.431159,0,4,0,0.019814,0,0
Xu Chen,Xu Chen,0,10,0,1,1,4,0.353846,0.402174,0,4,0,0.011104,0,0
Qiaoying Huang,Qiaoying Huang,0,10,0,1,1,4,0.353846,0.402174,0,4,0,0.011104,0,0
Shijie Geng,Shijie Geng,0.000048,0.073801,0.000004,6,7,3,0.489362,0.57971,0.000048,4,0,0.042853,0,0
Zhou Qin,Zhou Qin,0,10,0,1,1,4,0.353846,0.402174,0,4,0,0.011104,0,0
Gerard de Melo,Gerard de Melo,0.000165,0.252632,0.000042,5,6,2,0.560976,0.608696,0.000165,4,0,0.040984,0,0
S. Muthukrishnan,S. Muthukrishnan,0,10,0,1,1,4,0.353846,0.402174,0,4,0,0.011104,0,0
Yongfeng Zhang,Yongfeng Zhang,0,0.851064,0,3,4,4,0.418182,0.492754,0,4,0,0.029933,0,0
Honglu Zhou,Honglu Zhou,0.000097,0.06015,0.000006,5,5,3,0.442308,0.528986,0.000097,4,0,0.025424,0,0
Advith Chegu,Advith Chegu,0,5,0,1,1,4,0.310811,0.351449,0,4,0,0.006082,0,0
Samuel S. Sohn,Samuel S. Sohn,0,5,0,1,1,4,0.310811,0.351449,0,4,0,0.006082,0,0
Mubbasir Kapadia,Mubbasir Kapadia,0,5,0,1,1,4,0.310811,0.351449,0,4,0,0.006082,0,0
Juntao Tan,Juntao Tan,0,6,0,1,1,4,0.333333,0.373188,0,4,0,0.00871,0,0
Yaxin Zhu,Yaxin Zhu,0,8,0,1,1,4,0.359375,0.398551,0,4,0,0.01012,0,0
Shuyuan Xu,Shuyuan Xu,0,8,0,1,1,4,0.359375,0.398551,0,4,0,0.01012,0,0
Zelong Li,Zelong Li,0,8,0,1,1,4,0.359375,0.398551,0,4,0,0.01012,0,0
Xin Dong,Xin Dong,0.000126,0.047619,0.000006,5,5,3,0.418182,0.507246,0.000126,4,0,0.017158,0,0
Tanay Kumar Saha,Tanay Kumar Saha,0,5,0,1,1,4,0.298701,0.34058,0,4,0,0.004968,0,0
Ke Zhang,Ke Zhang,0,5,0,1,1,4,0.298701,0.34058,0,4,0,0.004968,0,0
Joel Tetreault,Joel Tetreault,0,5,0,1,1,4,0.298701,0.34058,0,4,0,0.004968,0,0
Alejandro Jaimes,Alejandro Jaimes,0,5,0,1,1,4,0.298701,0.34058,0,4,0,0.004968,0,0
Baifan Zhou,Baifan Zhou,0.000203,0.019126,0.000004,9,13,3,0.460317,0.574713,0.000203,5,0,0.047553,0,0
Yulia Svetashova,Yulia Svetashova,0,9,0,1,2,4,0.318681,0.362069,0,5,0,0.010101,0,0
Seongsu Byeon,Seongsu Byeon,0,9,0,1,1,4,0.318681,0.362069,0,5,0,0.010101,0,0
Tim Pychynski,Tim Pychynski,0,9,0,1,2,4,0.318681,0.362069,0,5,0,0.010101,0,0
Ralf Mikut,Ralf Mikut,0,9,0,1,1,4,0.318681,0.362069,0,5,0,0.010101,0,0
Evgeny Kharlamov,Evgeny Kharlamov,0.000361,0.109422,0.00004,6,8,2,0.568627,0.62069,0.000361,5,0,0.052079,0,0
Ildar Baimuratov,Ildar Baimuratov,0,9,0,1,1,4,0.318681,0.362069,0,5,0,0.010101,0,0
Ahmet Soylu,Ahmet Soylu,0.000054,0.391304,0.000021,4,5,4,0.408451,0.491379,0.000054,5,0,0.034844,0,0
Dongzhuoran Zhou,Dongzhuoran Zhou,0.000088,0.060519,0.000005,6,8,3,0.439394,0.522989,0.000088,5,0,0.040124,0,0
Zhuoxun Zheng,Zhuoxun Zheng,0.000004,0.372781,0.000001,4,9,3,0.426471,0.488506,0.000004,5,0,0.036045,0,0
Ognjen Savkovic,Ognjen Savkovic,0,6,0,1,1,4,0.308511,0.344828,0,5,0,0.008315,0,0
Egor V. Kostylev,Egor V. Kostylev,0,6,0,1,1,4,0.308511,0.344828,0,5,0,0.008315,0,0
Gong Cheng,Gong Cheng,0.00006,0.166227,0.00001,4,4,3,0.439394,0.5,0.00006,5,0,0.027139,0,0
Kalpa Gunaratna,Kalpa Gunaratna,0,4,0,1,1,4,0.308511,0.33908,0,5,0,0.006112,0,0
Yuxuan Shi,Yuxuan Shi,0.000084,0.104478,0.000009,4,4,3,0.39726,0.45977,0.000084,5,0,0.020953,0,0
Trung-Kien Tran,Trung-Kien Tran,0,4,0,1,1,4,0.287129,0.318966,0,5,0,0.00518,0,0
Yulin Shen,Yulin Shen,0,4,0,1,1,4,0.287129,0.318966,0,5,0,0.00518,0,0
Tengteng Lin,Tengteng Lin,0.000242,0.016726,0.000004,9,9,3,0.460317,0.574713,0.000242,5,0,0.040452,0,0
Qiaosheng Chen,Qiaosheng Chen,0,9,0,1,1,4,0.318681,0.362069,0,5,0,0.009197,0,0
Basil Ell,Basil Ell,0,9,0,1,1,4,0.318681,0.362069,0,5,0,0.009197,0,0
Ruoqi Zhao,Ruoqi Zhao,0,9,0,1,1,4,0.318681,0.362069,0,5,0,0.009197,0,0
Qing Shi,Qing Shi,0,9,0,1,1,4,0.318681,0.362069,0,5,0,0.009197,0,0
Xiaxia Wang,Xiaxia Wang,0,9,0,1,1,4,0.318681,0.362069,0,5,0,0.009197,0,0
Yu Gu,Yu Gu,0,9,0,1,1,4,0.318681,0.362069,0,5,0,0.009197,0,0
Andrea Papenmeier,Andrea Papenmeier,0.003085,0.040816,0.000126,6,12,10,0.194534,0.254969,0.003085,6,0,0.020795,0,0
Alexander Frummet,Alexander Frummet,0,6,0,1,1,11,0.163073,0.193783,0,6,0,0.005803,0,0
Dagmar Kern,Dagmar Kern,0.000256,1,0.000256,2,4,11,0.175362,0.218026,0.000256,6,0,0.010224,0,0
Daniel Hienert,Daniel Hienert,0.002935,0.564103,0.001656,2,3,9,0.223247,0.274908,0.002935,6,0,0.025427,0,0
Alfred Sliwa,Alfred Sliwa,0,6,0,1,2,11,0.163073,0.193783,0,6,0,0.005803,0,0
Ahmet Aker,Ahmet Aker,0,6,0,1,2,11,0.163073,0.193783,0,6,0,0.005803,0,0
Norbert Fuhr,Norbert Fuhr,0.002467,0.139535,0.000344,4,6,11,0.169944,0.230285,0.002467,6,0,0.018232,0,0
Masoud Davari,Masoud Davari,0.000616,0.333333,0.000205,2,2,10,0.198361,0.248495,0.000616,6,0,0.017572,0,0
Guglielmo Faggioli,Guglielmo Faggioli,0.000083,0.666667,0.000055,2,2,12,0.145783,0.183561,0.000083,6,0,0.008329,0,0
Nicola Ferro,Nicola Ferro,0.000009,0.8,0.000007,2,3,13,0.13067,0.17459,0.000009,6,0,0.010244,0,0
Timo Breuer,Timo Breuer,0.002004,0.022936,0.000046,8,16,12,0.149752,0.226949,0.002004,6,0,0.026711,0,0
Maria Maistro,Maria Maistro,0,8,0,1,2,13,0.130388,0.16908,0,6,0,0.007301,0,0
Tetsuya Sakai,Tetsuya Sakai,0,8,0,1,1,13,0.130388,0.16908,0,6,0,0.007301,0,0
Philipp Schaer,Philipp Schaer,0.000726,0.048485,0.000035,5,14,13,0.131522,0.191119,0.000726,6,0,0.016147,0,0
Ian Soboroff,Ian Soboroff,0,8,0,1,1,13,0.130388,0.16908,0,6,0,0.007301,0,0
Jüri Keller,Jüri Keller,0.000184,0.444444,0.000082,2,2,13,0.13067,0.17459,0.000184,6,0,0.009205,0,0
Johann Schaible,Johann Schaible,0,5,0,1,3,14,0.116346,0.149032,0,6,0,0.004977,0,0
Leyla Jael Castro,Leyla Jael Castro,0,5,0,1,3,14,0.116346,0.149032,0,6,0,0.004977,0,0
Melanie Pest,Melanie Pest,0,8,0,1,1,13,0.130388,0.16908,0,6,0,0.007301,0,0
Benjamin Wolff,Benjamin Wolff,0,5,0,1,1,14,0.116346,0.149032,0,6,0,0.004977,0,0
Narges Tavakolpoursaleh,Narges Tavakolpoursaleh,0,5,0,1,1,14,0.116346,0.149032,0,6,0,0.004977,0,0
Leon Paul Mondrian Munz,Leon Paul Mondrian Munz,0,2,0,1,1,14,0.115679,0.142834,0,6,0,0.003134,0,0
Firas Sabbah,Firas Sabbah,0,4,0,1,1,12,0.145433,0.178051,0,6,0,0.005046,0,0
Ralph Ewerth,Ralph Ewerth,0.004854,0.114345,0.000555,3,4,7,0.251559,0.311531,0.004854,7,0,0.050931,0,0
Jens Lehmann,Jens Lehmann,0.002597,0.094192,0.000245,5,5,9,0.214539,0.293326,0.002597,7,0,0.045085,0,0
Jason Armitage,Jason Armitage,0.0022,0.076586,0.000168,6,6,8,0.236791,0.298278,0.0022,7,0,0.04242,0,0
Endri Kacupaj,Endri Kacupaj,0.002669,0.17004,0.000454,4,4,9,0.216071,0.280103,0.002669,7,0,0.037525,0,0
Golsa Tahmasebzadeh,Golsa Tahmasebzadeh,0.003301,0.124113,0.00041,6,9,8,0.242485,0.309298,0.003301,7,0,0.045206,0,0
Swati,Swati,0,6,0,1,1,9,0.191759,0.221347,0,7,0,0.008578,0,0
Maria Maleshkova,Maria Maleshkova,0,1.363636,0,2,2,9,0.198036,0.233625,0,7,0,0.016298,0,0
Carsten Felix Draschner,Carsten Felix Draschner,0.000547,0.079545,0.000044,4,4,10,0.178466,0.231202,0.000547,7,0,0.015818,0,0
Claus Stadler,Claus Stadler,0,4,0,1,1,11,0.151629,0.180432,0,7,0,0.004526,0,0
Farshad Bakhshandegan Moghaddam,Farshad Bakhshandegan Moghaddam,0,4,0,1,1,11,0.151629,0.180432,0,7,0,0.004526,0,0
Hajira Jabeen,Hajira Jabeen,0,4,0,1,1,11,0.151629,0.180432,0,7,0,0.004526,0,0
Sherzod Hakimov,Sherzod Hakimov,0.001259,0.038462,0.000048,5,6,9,0.206133,0.26989,0.001259,7,0,0.024996,0,0
Gullal Singh Cheema,Gullal Singh Cheema,0,6,0,1,1,10,0.171146,0.202817,0,7,0,0.006376,0,0
Marc A. Kastner,Marc A. Kastner,0,6,0,1,1,10,0.171146,0.202817,0,7,0,0.006376,0,0
Rajiv Ratn Shah,Rajiv Ratn Shah,0,6,0,1,1,10,0.171146,0.202817,0,7,0,0.006376,0,0
Karan Sikka,Karan Sikka,0,6,0,1,1,10,0.171146,0.202817,0,7,0,0.006376,0,0
Chengjin Xu,Chengjin Xu,0.000366,0.155556,0.000057,3,3,10,0.177941,0.225692,0.000366,7,0,0.013494,0,0
Fenglong Su,Fenglong Su,0,3,0,1,1,11,0.15125,0.178366,0,7,0,0.003911,0,0
Bo Xiong,Bo Xiong,0,3,0,1,1,11,0.15125,0.178366,0,7,0,0.003911,0,0
Eric Müller-Budack,Eric Müller-Budack,0.000027,0.75,0.00002,2,3,9,0.19611,0.232838,0.000027,7,0,0.012532,0,0
Matthias Springstein,Matthias Springstein,0.000051,0.75,0.000038,2,2,8,0.202003,0.234947,0.000051,7,0,0.013069,0,0
Ghazaleh H. Torbati,Ghazaleh H. Torbati,0.002023,2.475,0.005006,2,4,12,0.184154,0.27926,0.002023,8,0,0.021293,0,0
Andrew Yates,Andrew Yates,0.002142,0.016186,0.000035,11,15,13,0.167315,0.313194,0.002142,8,0,0.0521,0,0
Kevin Martin Jose,Kevin Martin Jose,0.000177,0.157143,0.000028,4,5,14,0.145763,0.243281,0.000177,8,0,0.024457,0,0
Xinyu Zhang,Xinyu Zhang,0,0.533981,0,3,4,14,0.144538,0.229716,0,8,0,0.023104,0,0
Jimmy Lin,Jimmy Lin,0,0.533981,0,3,4,14,0.144538,0.229716,0,8,0,0.023104,0,0
Hai Dang Tran,Hai Dang Tran,0,11,0,1,1,14,0.143573,0.214212,0,8,0,0.011475,0,0
Rodrigo Nogueira,Rodrigo Nogueira,0,11,0,1,1,14,0.143573,0.214212,0,8,0,0.011475,0,0
Thong Nguyen,Thong Nguyen,0,4,0,1,1,15,0.127407,0.182105,0,8,0,0.005836,0,0
Sean MacAvaney,Sean MacAvaney,0.000512,0.038394,0.00002,6,6,14,0.146259,0.254909,0.000512,8,0,0.027014,0,0
Jeffrey Dalton,Jeffrey Dalton,0.000006,0.307692,0.000002,3,3,15,0.12855,0.200516,0.000006,8,0,0.014358,0,0
Iain Mackie,Iain Mackie,0.000039,1.178571,0.000046,2,2,14,0.144054,0.221964,0.000039,8,0,0.015492,0,0
Sergey Feldman,Sergey Feldman,0,6,0,1,1,15,0.127786,0.185981,0,8,0,0.006701,0,0
Doug Downey,Doug Downey,0,6,0,1,1,15,0.127786,0.185981,0,8,0,0.006701,0,0
Arman Cohan,Arman Cohan,0,6,0,1,1,15,0.127786,0.185981,0,8,0,0.006701,0,0
Nazli Goharian,Nazli Goharian,0,6,0,1,1,15,0.127786,0.185981,0,8,0,0.006701,0,0
Shahrzad Naseri,Shahrzad Naseri,0.000169,0.234043,0.00004,3,3,14,0.144538,0.229716,0.000169,8,0,0.017581,0,0
James Allan,James Allan,0,3,0,1,1,15,0.126471,0.176291,0,8,0,0.004554,0,0
Ronak Pradeep,Ronak Pradeep,0.000259,0.072527,0.000019,5,5,14,0.145025,0.241344,0.000259,8,0,0.026754,0,0
Yuqi Liu,Yuqi Liu,0,5,0,1,1,15,0.126844,0.180167,0,8,0,0.006336,0,0
Yilin Li,Yilin Li,0,5,0,1,1,15,0.126844,0.180167,0,8,0,0.006336,0,0
Lila Boualili,Lila Boualili,0,11,0,1,1,14,0.143573,0.214212,0,8,0,0.011475,0,0
Mehwish Alam,Mehwish Alam,0.000604,0.006543,0.000004,13,15,4,0.484848,0.643229,0.000604,9,0,0.054042,0,0
Paul Groth,Paul Groth,0,14,0,1,1,5,0.329897,0.383333,0,9,0,0.012445,0,0
Pascal Hitzler,Pascal Hitzler,0,14,0,1,1,5,0.329897,0.383333,0,9,0,0.012445,0,0
Heiko Paulheim,Heiko Paulheim,0.000256,0.12069,0.000031,4,5,5,0.376471,0.465625,0.000256,9,0,0.020309,0,0
Harald Sack,Harald Sack,0,1.235294,0,2,3,5,0.333333,0.398958,0,9,0,0.017477,0,0
Tobias Weller,Tobias Weller,0.000092,0.666667,0.000061,2,2,6,0.285714,0.346875,0.000092,9,0,0.007745,0,0
Maribel Acosta,Maribel Acosta,0.000047,0.333333,0.000016,2,2,7,0.22695,0.281845,0.000047,9,0,0.004699,0,0
Jan Portisch,Jan Portisch,0.000047,0.4,0.000019,2,2,6,0.280702,0.339062,0.000047,9,0,0.007174,0,0
Michael Hladik,Michael Hladik,0,2,0,1,1,7,0.22069,0.256845,0,9,0,0.002776,0,0
Nicolas Heist,Nicolas Heist,0,4,0,1,1,6,0.275862,0.318229,0,9,0,0.005314,0,0
Russa Biswas,Russa Biswas,0,14,0,1,1,5,0.329897,0.383333,0,9,0,0.012445,0,0
Yiyi Chen,Yiyi Chen,0,14,0,1,1,5,0.329897,0.383333,0,9,0,0.012445,0,0
Danilo Dessì,Danilo Dessì,0,1.235294,0,2,2,5,0.333333,0.398958,0,9,0,0.017477,0,0
Genet Asefa Gesese,Genet Asefa Gesese,0,14,0,1,1,5,0.329897,0.383333,0,9,0,0.012445,0,0
Fabian Hoppe,Fabian Hoppe,0.000001,0.311111,0,3,3,5,0.336842,0.414583,0.000001,9,0,0.021013,0,0
Andreea Iana,Andreea Iana,0,14,0,1,1,5,0.329897,0.383333,0,9,0,0.012445,0,0
Alexander Grote,Alexander Grote,0,14,0,1,1,5,0.329897,0.383333,0,9,0,0.012445,0,0
Katharina Ludwig,Katharina Ludwig,0,14,0,1,1,5,0.329897,0.383333,0,9,0,0.012445,0,0
Philipp Müller,Philipp Müller,0,14,0,1,1,5,0.329897,0.383333,0,9,0,0.012445,0,0
Lars Heling,Lars Heling,0,2,0,1,1,8,0.186047,0.222173,0,9,0,0.002431,0,0
